,Young,Parch,SibSp,Pclass,PassengerId,Fare,4,3,2,1,0,Age
count,418.0,418.0,418.0,418.0,418.0,417.0,418.0,418.0,418.0,418.0,418.0,418.0
mean,0.1291866028708134,0.3923444976076555,0.4473684210526316,2.2655502392344498,1100.5,35.627188489208635,0.645933014354067,0.11004784688995216,0.24401913875598086,0.6363636363636364,0.36363636363636365,30.15460315226569
std,0.3358082823664983,0.9814288785371691,0.8967595611217135,0.8418375519640503,120.81045760473994,55.907576179973844,0.47880267866260834,0.3133244005170707,0.4300188157360399,0.4816221409322309,0.4816221409322309,12.636665857359937
min,0.0,0.0,0.0,1.0,892.0,0.0,0.0,0.0,0.0,0.0,0.0,0.17
25%,0.0,0.0,0.0,1.0,996.25,7.8958,0.0,0.0,0.0,0.0,0.0,23.0
50%,0.0,0.0,0.0,3.0,1100.5,14.4542,1.0,0.0,0.0,1.0,0.0,29.69911764705882
75%,0.0,0.0,1.0,3.0,1204.75,31.5,1.0,0.0,0.0,1.0,1.0,35.75
max,1.0,9.0,8.0,3.0,1309.0,512.3292,1.0,1.0,1.0,1.0,1.0,76.0
